<metadata xml:lang="es"><Esri><CreaDate>20140718</CreaDate><CreaTime>10045300</CreaTime><ArcGISFormat>1.0</ArcGISFormat><SyncOnce>FALSE</SyncOnce><DataProperties><lineage><Process ToolSource="C:\Program Files (x86)\ArcGIS\Desktop10.0\ArcToolbox\Toolboxes\Data Management Tools.tbx\DefineProjection" Date="20140718" Time="100453">DefineProjection World_Countries GEOGCS['GCS_WGS_1984',DATUM['D_WGS_1984',SPHEROID['WGS_1984',6378137.0,298.257223563]],PRIMEM['Greenwich',0.0],UNIT['Degree',0.0174532925199433]]</Process><Process ToolSource="c:\program files\arcgis\pro\Resources\ArcToolbox\toolboxes\Conversion Tools.tbx\FeatureClassToFeatureClass" Date="20211211" Time="212758">FeatureClassToFeatureClass World_Countries "C:\Users\asus\Desktop\SOCIOLOGICAL THEORY\Mapper\Mapper.gdb" World_Countries # "COUNTRY "COUNTRY" true true false 100 Text 0 0,First,#,World_Countries,COUNTRY,0,100" #</Process><Process ToolSource="c:\program files\arcgis\pro\Resources\ArcToolbox\Toolboxes\Data Management Tools.tbx\UpdateSchema" Date="20211213" Time="232540">UpdateSchema "CIMDATA=&lt;CIMStandardDataConnection xsi:type='typens:CIMStandardDataConnection' xmlns:xsi='http://www.w3.org/2001/XMLSchema-instance' xmlns:xs='http://www.w3.org/2001/XMLSchema' xmlns:typens='http://www.esri.com/schemas/ArcGIS/2.8.0'&gt;&lt;WorkspaceConnectionString&gt;DATABASE=C:\Users\asus\Desktop\SOCIOLOGICAL THEORY\Mapper\Mapper.gdb&lt;/WorkspaceConnectionString&gt;&lt;WorkspaceFactory&gt;FileGDB&lt;/WorkspaceFactory&gt;&lt;Dataset&gt;World_Countries&lt;/Dataset&gt;&lt;DatasetType&gt;esriDTFeatureClass&lt;/DatasetType&gt;&lt;/CIMStandardDataConnection&gt;" &lt;operationSequence&gt;&lt;workflow&gt;&lt;AddField&gt;&lt;field_name&gt;Count2&lt;/field_name&gt;&lt;field_type&gt;LONG&lt;/field_type&gt;&lt;field_alias&gt;Count2&lt;/field_alias&gt;&lt;field_is_nullable&gt;True&lt;/field_is_nullable&gt;&lt;field_is_required&gt;False&lt;/field_is_required&gt;&lt;/AddField&gt;&lt;/workflow&gt;&lt;/operationSequence&gt;</Process><Process ToolSource="c:\program files\arcgis\pro\Resources\ArcToolbox\toolboxes\Data Management Tools.tbx\UpdateSchema" Date="20211213" Time="233222">UpdateSchema "CIMDATA=&lt;CIMStandardDataConnection xsi:type='typens:CIMStandardDataConnection' xmlns:xsi='http://www.w3.org/2001/XMLSchema-instance' xmlns:xs='http://www.w3.org/2001/XMLSchema' xmlns:typens='http://www.esri.com/schemas/ArcGIS/2.8.0'&gt;&lt;WorkspaceConnectionString&gt;DATABASE=C:\Users\asus\Desktop\SOCIOLOGICAL THEORY\Mapper\Mapper.gdb&lt;/WorkspaceConnectionString&gt;&lt;WorkspaceFactory&gt;FileGDB&lt;/WorkspaceFactory&gt;&lt;Dataset&gt;World_Countries&lt;/Dataset&gt;&lt;DatasetType&gt;esriDTFeatureClass&lt;/DatasetType&gt;&lt;/CIMStandardDataConnection&gt;" &lt;operationSequence&gt;&lt;workflow&gt;&lt;AddField&gt;&lt;field_name&gt;C2&lt;/field_name&gt;&lt;field_type&gt;LONG&lt;/field_type&gt;&lt;field_alias&gt;C2&lt;/field_alias&gt;&lt;field_is_nullable&gt;True&lt;/field_is_nullable&gt;&lt;field_is_required&gt;False&lt;/field_is_required&gt;&lt;/AddField&gt;&lt;/workflow&gt;&lt;/operationSequence&gt;</Process><Process ToolSource="c:\program files\arcgis\pro\Resources\ArcToolbox\toolboxes\Data Management Tools.tbx\CopyFeatures" Date="20211215" Time="175105">CopyFeatures "C:\Users\asus\Storage\Documents.Courses\博士课程\3-专业学位课\当代社会学理论及其前沿问题\展示\SOCIOLOGICAL THEORY\Mapper\Mapper.gdb\World_Countries" C:\Users\asus\Documents\ArcGIS\Projects\CA\CA.gdb\World_Countries # # # #</Process><Process ToolSource="c:\program files\arcgis\pro\Resources\ArcToolbox\toolboxes\Data Management Tools.tbx\Merge" Date="20220603" Time="145348">Merge World_Countries;中国陆地领土 "D:\Users\PiesPro\OneDrive\Workspace\International Trade Network Resilience during COVID-19\Project\Map Publications\Map Publications.gdb\World_Countries_Merge" "COUNTRY "COUNTRY" true true false 100 Text 0 0,First,#,World_Countries,COUNTRY,0,100,中国陆地领土,COUNTRY,0,255;Shape_Length "Shape_Length" false true true 8 Double 0 0,First,#,World_Countries,Shape_Length,-1,-1,中国陆地领土,Shape_Length,-1,-1;Shape_Area "Shape_Area" false true true 8 Double 0 0,First,#,World_Countries,Shape_Area,-1,-1,中国陆地领土,Shape_Area,-1,-1" NO_SOURCE_INFO</Process><Process ToolSource="c:\program files\arcgis\pro\Resources\ArcToolbox\toolboxes\Conversion Tools.tbx\FeatureClassToFeatureClass" Date="20220603" Time="145608">FeatureClassToFeatureClass "D:\Users\PiesPro\OneDrive\Workspace\International Trade Network Resilience during COVID-19\Project\Map Publications\Map Publications.gdb\World_Countries_Merge" "D:\Users\PiesPro\OneDrive\Workspace\International Trade Network Resilience during COVID-19\Project\Map Publications\World.gdb" Countries # "COUNTRY "COUNTRY" true true false 100 Text 0 0,First,#,D:\Users\PiesPro\OneDrive\Workspace\International Trade Network Resilience during COVID-19\Project\Map Publications\Map Publications.gdb\World_Countries_Merge,COUNTRY,0,100;Shape_Length "Shape_Length" false true true 8 Double 0 0,First,#,D:\Users\PiesPro\OneDrive\Workspace\International Trade Network Resilience during COVID-19\Project\Map Publications\Map Publications.gdb\World_Countries_Merge,Shape_Length,-1,-1;Shape_Area "Shape_Area" false true true 8 Double 0 0,First,#,D:\Users\PiesPro\OneDrive\Workspace\International Trade Network Resilience during COVID-19\Project\Map Publications\Map Publications.gdb\World_Countries_Merge,Shape_Area,-1,-1" #</Process><Process ToolSource="c:\program files\arcgis\pro\Resources\ArcToolbox\toolboxes\Conversion Tools.tbx\FeatureClassToFeatureClass" Date="20220603" Time="145819">FeatureClassToFeatureClass "D:\Users\PiesPro\OneDrive\Workspace\International Trade Network Resilience during COVID-19\Project\Map Publications\World.gdb\Countries" "D:\Users\PiesPro\OneDrive\Workspace\International Trade Network Resilience during COVID-19\Project\Map Publications\World.gdb\World" WorldCountries # "COUNTRY "COUNTRY" true true false 100 Text 0 0,First,#,D:\Users\PiesPro\OneDrive\Workspace\International Trade Network Resilience during COVID-19\Project\Map Publications\World.gdb\Countries,COUNTRY,0,100;Shape_Length "Shape_Length" false true true 8 Double 0 0,First,#,D:\Users\PiesPro\OneDrive\Workspace\International Trade Network Resilience during COVID-19\Project\Map Publications\World.gdb\Countries,Shape_Length,-1,-1;Shape_Area "Shape_Area" false true true 8 Double 0 0,First,#,D:\Users\PiesPro\OneDrive\Workspace\International Trade Network Resilience during COVID-19\Project\Map Publications\World.gdb\Countries,Shape_Area,-1,-1" #</Process><Process ToolSource="c:\program files\arcgis\pro\Resources\ArcToolbox\toolboxes\Conversion Tools.tbx\FeatureClassToFeatureClass" Date="20220603" Time="211210">FeatureClassToFeatureClass WorldCountries "D:\Users\PiesPro\OneDrive\Workspace\International Trade Network Resilience during COVID-19\Project\Map Publications\World.gdb\World" WorldCountriesISO3 # "COUNTRY "COUNTRY" true true false 100 Text 0 0,First,#,WorldCountries,WorldCountries.COUNTRY,0,100;Shape_Length "Shape_Length" false true true 8 Double 0 0,First,#,WorldCountries,WorldCountries.Shape_Length,-1,-1;Shape_Area "Shape_Area" false true true 8 Double 0 0,First,#,WorldCountries,WorldCountries.Shape_Area,-1,-1;SHORTNAME "SHORTNAME" true true false 255 Text 0 0,First,#,WorldCountries,Sheet1$.SHORTNAME,0,255;ISO2 "ISO2" true true false 255 Text 0 0,First,#,WorldCountries,Sheet1$.ISO2,0,255;ISO3 "ISO3" true true false 255 Text 0 0,First,#,WorldCountries,Sheet1$.ISO3,0,255;NUMID "NUMID" true true false 8 Double 0 0,First,#,WorldCountries,Sheet1$.NUMID,-1,-1;ObjectID "ObjectID" false true false 4 Long 0 9,First,#,WorldCountries,Sheet1$.ObjectID,-1,-1" #</Process><Process ToolSource="c:\program files\arcgis\pro\Resources\ArcToolbox\toolboxes\Data Management Tools.tbx\DeleteField" Date="20220603" Time="211223">DeleteField WorldCountriesISO3 ObjectID 删除字段</Process><Process ToolSource="c:\program files\arcgis\pro\Resources\ArcToolbox\toolboxes\Data Management Tools.tbx\DeleteField" Date="20220603" Time="211226">DeleteField WorldCountriesISO3 SHORTNAME 删除字段</Process><Process ToolSource="c:\program files\arcgis\pro\Resources\ArcToolbox\toolboxes\Data Management Tools.tbx\DeleteField" Date="20220603" Time="213143">DeleteField WorldCountriesISO3 ISO2 删除字段</Process><Process ToolSource="c:\program files\arcgis\pro\Resources\ArcToolbox\toolboxes\Data Management Tools.tbx\DeleteField" Date="20220603" Time="213145">DeleteField WorldCountriesISO3 ISO3 删除字段</Process><Process ToolSource="c:\program files\arcgis\pro\Resources\ArcToolbox\toolboxes\Data Management Tools.tbx\DeleteField" Date="20220603" Time="213148">DeleteField WorldCountriesISO3 NUMID 删除字段</Process><Process ToolSource="c:\program files\arcgis\pro\Resources\ArcToolbox\toolboxes\Conversion Tools.tbx\FeatureClassToFeatureClass" Date="20220603" Time="213323">FeatureClassToFeatureClass WorldCountriesISO3 "D:\Users\PiesPro\OneDrive\Workspace\International Trade Network Resilience during COVID-19\Project\Map Publications\World.gdb\World" WorldCountriesISO # "COUNTRY "COUNTRY" true true false 100 Text 0 0,First,#,WorldCountriesISO3,WorldCountriesISO3.COUNTRY,0,100;Shape_Length "Shape_Length" false true true 8 Double 0 0,First,#,WorldCountriesISO3,WorldCountriesISO3.Shape_Length,-1,-1;Shape_Area "Shape_Area" false true true 8 Double 0 0,First,#,WorldCountriesISO3,WorldCountriesISO3.Shape_Area,-1,-1;SHORTNAME "SHORTNAME" true true false 255 Text 0 0,First,#,WorldCountriesISO3,ISO3$.SHORTNAME,0,255;ISO2 "ISO2" true true false 255 Text 0 0,First,#,WorldCountriesISO3,ISO3$.ISO2,0,255;ISO3 "ISO3" true true false 255 Text 0 0,First,#,WorldCountriesISO3,ISO3$.ISO3,0,255;NUMID "NUMID" true true false 8 Double 0 0,First,#,WorldCountriesISO3,ISO3$.NUMID,-1,-1;ObjectID "ObjectID" false true false 4 Long 0 9,First,#,WorldCountriesISO3,ISO3$.ObjectID,-1,-1" #</Process><Process ToolSource="c:\program files\arcgis\pro\Resources\ArcToolbox\Toolboxes\Data Management Tools.tbx\DeleteField" Date="20220604" Time="141220">DeleteField WorldCountriesISO ObjectID 删除字段</Process><Process ToolSource="c:\program files\arcgis\pro\Resources\ArcToolbox\toolboxes\Data Management Tools.tbx\DeleteField" Date="20220604" Time="141708">DeleteField WorldCountriesISO SHORTNAME 删除字段</Process><Process ToolSource="c:\program files\arcgis\pro\Resources\ArcToolbox\toolboxes\Data Management Tools.tbx\Append" Date="20220604" Time="142014">Append FSM WorldCountriesISO 输入字段必须与目标字段匹配 # # #</Process><Process ToolSource="c:\program files\arcgis\pro\Resources\ArcToolbox\toolboxes\Conversion Tools.tbx\ExportFeatures" Date="20220910" Time="104227">ExportFeatures "D:\Users\PiesPro\OneDrive\Workspace\International Trade Network Resilience during COVID-19\Project\Map Publications\World.gdb\World\WorldCountriesISO" D:\Users\PiesPro\Desktop\WorldCountries\WorldCountriesWithISO.shp # NOT_USE_ALIAS "COUNTRY "COUNTRY" true true false 100 Text 0 0,First,#,D:\Users\PiesPro\OneDrive\Workspace\International Trade Network Resilience during COVID-19\Project\Map Publications\World.gdb\World\WorldCountriesISO,COUNTRY,0,100;ISO2 "ISO2" true true false 255 Text 0 0,First,#,D:\Users\PiesPro\OneDrive\Workspace\International Trade Network Resilience during COVID-19\Project\Map Publications\World.gdb\World\WorldCountriesISO,ISO2,0,255;ISO3 "ISO3" true true false 255 Text 0 0,First,#,D:\Users\PiesPro\OneDrive\Workspace\International Trade Network Resilience during COVID-19\Project\Map Publications\World.gdb\World\WorldCountriesISO,ISO3,0,255;NUMID "NUMID" true true false 8 Double 0 0,First,#,D:\Users\PiesPro\OneDrive\Workspace\International Trade Network Resilience during COVID-19\Project\Map Publications\World.gdb\World\WorldCountriesISO,NUMID,-1,-1;Shape_Length "Shape_Length" false true true 8 Double 0 0,First,#,D:\Users\PiesPro\OneDrive\Workspace\International Trade Network Resilience during COVID-19\Project\Map Publications\World.gdb\World\WorldCountriesISO,Shape_Length,-1,-1;Shape_Area "Shape_Area" false true true 8 Double 0 0,First,#,D:\Users\PiesPro\OneDrive\Workspace\International Trade Network Resilience during COVID-19\Project\Map Publications\World.gdb\World\WorldCountriesISO,Shape_Area,-1,-1" #</Process></lineage><itemProps><itemName Sync="TRUE">WorldCountriesWithISO</itemName><imsContentType Sync="TRUE">002</imsContentType><itemLocation><linkage Sync="TRUE">file://\\HEDAOZI\D$\Users\PiesPro\Desktop\WorldCountries\WorldCountriesWithISO.shp</linkage><protocol Sync="TRUE">Local Area Network</protocol></itemLocation><itemSize Sync="TRUE">0.000</itemSize></itemProps><coordRef><type Sync="TRUE">Geographic</type><geogcsn Sync="TRUE">GCS_WGS_1984</geogcsn><csUnits Sync="TRUE">Angular Unit: Degree (0.017453)</csUnits><peXml Sync="TRUE">&lt;GeographicCoordinateSystem xsi:type='typens:GeographicCoordinateSystem' xmlns:xsi='http://www.w3.org/2001/XMLSchema-instance' xmlns:xs='http://www.w3.org/2001/XMLSchema' xmlns:typens='http://www.esri.com/schemas/ArcGIS/3.0.0'&gt;&lt;WKT&gt;GEOGCS[&amp;quot;GCS_WGS_1984&amp;quot;,DATUM[&amp;quot;D_WGS_1984&amp;quot;,SPHEROID[&amp;quot;WGS_1984&amp;quot;,6378137.0,298.257223563]],PRIMEM[&amp;quot;Greenwich&amp;quot;,0.0],UNIT[&amp;quot;Degree&amp;quot;,0.0174532925199433],AUTHORITY[&amp;quot;EPSG&amp;quot;,4326]]&lt;/WKT&gt;&lt;XOrigin&gt;-399.99999999999989&lt;/XOrigin&gt;&lt;YOrigin&gt;-399.99999999999989&lt;/YOrigin&gt;&lt;XYScale&gt;11258999068426.24&lt;/XYScale&gt;&lt;ZOrigin&gt;-100000&lt;/ZOrigin&gt;&lt;ZScale&gt;10000&lt;/ZScale&gt;&lt;MOrigin&gt;-100000&lt;/MOrigin&gt;&lt;MScale&gt;10000&lt;/MScale&gt;&lt;XYTolerance&gt;8.9831528411952133e-09&lt;/XYTolerance&gt;&lt;ZTolerance&gt;0.001&lt;/ZTolerance&gt;&lt;MTolerance&gt;0.001&lt;/MTolerance&gt;&lt;HighPrecision&gt;true&lt;/HighPrecision&gt;&lt;LeftLongitude&gt;-180&lt;/LeftLongitude&gt;&lt;WKID&gt;4326&lt;/WKID&gt;&lt;LatestWKID&gt;4326&lt;/LatestWKID&gt;&lt;/GeographicCoordinateSystem&gt;</peXml></coordRef></DataProperties><SyncDate>20220910</SyncDate><SyncTime>10422700</SyncTime><ModDate>20220910</ModDate><ModTime>10422700</ModTime></Esri><dataIdInfo><envirDesc Sync="TRUE">Microsoft Windows 10 Version 10.0 (Build 22000) ; Esri ArcGIS 13.0.0.36056</envirDesc><dataLang><languageCode value="zho" Sync="TRUE"></languageCode><countryCode value="CHN" Sync="TRUE"></countryCode></dataLang><idCitation><resTitle Sync="TRUE">WorldCountriesWithISO</resTitle><presForm><PresFormCd value="005" Sync="TRUE"></PresFormCd></presForm></idCitation><spatRpType><SpatRepTypCd value="001" Sync="TRUE"></SpatRepTypCd></spatRpType></dataIdInfo><mdLang><languageCode value="zho" Sync="TRUE"></languageCode><countryCode value="CHN" Sync="TRUE"></countryCode></mdLang><distInfo><distFormat><formatName Sync="TRUE">Shapefile</formatName></distFormat><distTranOps><transSize Sync="TRUE">0.000</transSize></distTranOps></distInfo><mdHrLv><ScopeCd value="005" Sync="TRUE"></ScopeCd></mdHrLv><mdHrLvName Sync="TRUE">dataset</mdHrLvName><refSysInfo><RefSystem><refSysID><identCode code="4326" Sync="TRUE"></identCode><idCodeSpace Sync="TRUE">EPSG</idCodeSpace><idVersion Sync="TRUE">6.2(3.0.1)</idVersion></refSysID></RefSystem></refSysInfo><spatRepInfo><VectSpatRep><geometObjs Name="WorldCountriesWithISO"><geoObjTyp><GeoObjTypCd value="002" Sync="TRUE"></GeoObjTypCd></geoObjTyp><geoObjCnt Sync="TRUE">0</geoObjCnt></geometObjs><topLvl><TopoLevCd value="001" Sync="TRUE"></TopoLevCd></topLvl></VectSpatRep></spatRepInfo><spdoinfo><ptvctinf><esriterm Name="WorldCountriesWithISO"><efeatyp Sync="TRUE">Simple</efeatyp><efeageom code="4" Sync="TRUE"></efeageom><esritopo Sync="TRUE">FALSE</esritopo><efeacnt Sync="TRUE">0</efeacnt><spindex Sync="TRUE">FALSE</spindex><linrefer Sync="TRUE">FALSE</linrefer></esriterm></ptvctinf></spdoinfo><eainfo><detailed Name="WorldCountriesWithISO"><enttyp><enttypl Sync="TRUE">WorldCountriesWithISO</enttypl><enttypt Sync="TRUE">Feature Class</enttypt><enttypc Sync="TRUE">0</enttypc></enttyp><attr><attrlabl Sync="TRUE">FID</attrlabl><attalias Sync="TRUE">FID</attalias><attrtype Sync="TRUE">OID</attrtype><attwidth Sync="TRUE">4</attwidth><atprecis Sync="TRUE">0</atprecis><attscale Sync="TRUE">0</attscale><attrdef Sync="TRUE">Internal feature number.</attrdef><attrdefs Sync="TRUE">Esri</attrdefs><attrdomv><udom Sync="TRUE">Sequential unique whole numbers that are automatically generated.</udom></attrdomv></attr><attr><attrlabl Sync="TRUE">Shape</attrlabl><attalias Sync="TRUE">Shape</attalias><attrtype Sync="TRUE">Geometry</attrtype><attwidth Sync="TRUE">0</attwidth><atprecis Sync="TRUE">0</atprecis><attscale Sync="TRUE">0</attscale><attrdef Sync="TRUE">Feature geometry.</attrdef><attrdefs Sync="TRUE">Esri</attrdefs><attrdomv><udom Sync="TRUE">Coordinates defining the features.</udom></attrdomv></attr><attr><attrlabl Sync="TRUE">ISO2</attrlabl><attalias Sync="TRUE">ISO2</attalias><attrtype Sync="TRUE">String</attrtype><attwidth Sync="TRUE">254</attwidth><atprecis Sync="TRUE">0</atprecis><attscale Sync="TRUE">0</attscale></attr><attr><attrlabl Sync="TRUE">ISO3</attrlabl><attalias Sync="TRUE">ISO3</attalias><attrtype Sync="TRUE">String</attrtype><attwidth Sync="TRUE">254</attwidth><atprecis Sync="TRUE">0</atprecis><attscale Sync="TRUE">0</attscale></attr><attr><attrlabl Sync="TRUE">NUMID</attrlabl><attalias Sync="TRUE">NUMID</attalias><attrtype Sync="TRUE">Double</attrtype><attwidth Sync="TRUE">19</attwidth><atprecis Sync="TRUE">0</atprecis><attscale Sync="TRUE">0</attscale></attr><attr><attrlabl Sync="TRUE">COUNTRY</attrlabl><attalias Sync="TRUE">COUNTRY</attalias><attrtype Sync="TRUE">String</attrtype><attwidth Sync="TRUE">100</attwidth><atprecis Sync="TRUE">0</atprecis><attscale Sync="TRUE">0</attscale></attr><attr><attrlabl Sync="TRUE">Shape_Leng</attrlabl><attalias Sync="TRUE">Shape_Leng</attalias><attrtype Sync="TRUE">Double</attrtype><attwidth Sync="TRUE">19</attwidth><atprecis Sync="TRUE">0</atprecis><attscale Sync="TRUE">0</attscale></attr><attr><attrlabl Sync="TRUE">Shape_Area</attrlabl><attalias Sync="TRUE">Shape_Area</attalias><attrtype Sync="TRUE">Double</attrtype><attwidth Sync="TRUE">19</attwidth><atprecis Sync="TRUE">0</atprecis><attscale Sync="TRUE">0</attscale><attrdef Sync="TRUE">Area of feature in internal units squared.</attrdef><attrdefs Sync="TRUE">Esri</attrdefs><attrdomv><udom Sync="TRUE">Positive real numbers that are automatically generated.</udom></attrdomv></attr></detailed></eainfo><mdDateSt Sync="TRUE">20220910</mdDateSt></metadata>
